{"precision": 0.9673469387755103, "recall": 0.9875, "f1_score": 0.977319587628866, "accuracy": 0.9770833333333333}