{"precision": 0.9789783889980354, "recall": 0.9877106045589693, "f1_score": 0.98332511100148, "accuracy": 0.9832507433102081}