{"precision": 0.9787860931054803, "recall": 0.9877106045589693, "f1_score": 0.9832280978689818, "accuracy": 0.9831516352824579}