{"precision": 0.9786022771888496, "recall": 0.9881070366699702, "f1_score": 0.9833316895157314, "accuracy": 0.9832507433102081}