{"precision": 0.7193308550185874, "recall": 0.74375400384369, "f1_score": 0.7313385826771653, "accuracy": 0.7267777065983344}