{"precision": 0.717377860235003, "recall": 0.7431133888532991, "f1_score": 0.7300188797986155, "accuracy": 0.7251761691223575}