{"precision": 0.6759776536312849, "recall": 0.657608695652174, "f1_score": 0.6666666666666666, "accuracy": 0.6711956521739131}