{"precision": 0.7165841584158416, "recall": 0.7418321588725176, "f1_score": 0.728989612842304, "accuracy": 0.7242152466367713}