{"precision": 0.5397526501766784, "recall": 0.5524412296564195, "f1_score": 0.5460232350312779, "accuracy": 0.5406871609403255}