{"train_loss": [0.694320881053021, 0.6887227751706776, 0.6854167157097867, 0.6828963521279787, 0.6806503126495763, 0.6786546440500962, 0.6768515643320585, 0.6752063271246458, 0.67369281775073, 0.6722914733384785, 0.6709870413730019, 0.6697673374100735, 0.6686224435505114, 0.6675441547443992, 0.6665255521473131, 0.6655607458792234, 0.6646447307185123, 0.6637731163125289, 0.6629420801212913, 0.662148288990322, 0.661388773667185, 0.6606609005677072, 0.6599622949173576, 0.6592908705535688, 0.6586447028737319, 0.6580220947140142, 0.657421488510935, 0.656841450615933, 0.6562807042347757, 0.6557380510003943, 0.655212424303356, 0.6547028406670219, 0.6542083730823115, 0.6537281604189622, 0.6532614654616306, 0.652807543152257, 0.6523657347026625, 0.6519354032842737, 0.6515160046125713, 0.6511069865603196, 0.6507078503307543, 0.6503181253608904, 0.6499373897125846, 0.6495652214476937, 0.6492012566641757, 0.648845131459989, 0.6484965007556113, 0.6481550571165586, 0.6478205040881508, 0.6474925687438563, 0.6471709671773409, 0.6468554750869149, 0.6465458446427396, 0.6462418562487552, 0.6459432918774454, 0.6456499711463326, 0.6453616948504197, 0.645078287312859, 0.6447995838366056, 0.6445254181560717, 0.6442556224371258, 0.643990075901935, 0.6437286248332575, 0.6434711453161741, 0.6432175040245056, 0.6429675942973087, 0.6427212812398609, 0.6424784707395654, 0.6422390655467385, 0.6420029307666578, 0.6417700271857413, 0.6415402026552903, 0.6413134022762901, 0.6410895460530331, 0.6408685508527254, 0.6406503131515101, 0.6404347874616322, 0.6402218922188407, 0.6400115615443179, 0.6398037232850727, 0.6395983241106334, 0.6393952997107255, 0.6391945810694444, 0.6389961274046647, 0.6387998712690253, 0.6386057703118575, 0.6384137696341464, 0.6382238111997905, 0.6364360059562483, 0.636410686530565, 0.6363874297392996, 0.636366152449658, 0.6363452829812702, 0.6361780652874395], "val_loss": [0.695358157157898, 0.6920428991317749, 0.691156005859375, 0.69006187915802, 0.6890961408615113, 0.6882010698318481, 0.6873794674873352, 0.6866262197494507, 0.6859369158744812, 0.6853067398071289, 0.6847307920455933, 0.6842042803764343, 0.6837226033210755, 0.6832814693450928, 0.6828769087791443, 0.6825052499771118, 0.6821632266044617, 0.681847870349884, 0.6815565466880799, 0.6812868475914001, 0.6810367107391357, 0.680804169178009, 0.6805875897407532, 0.6803854465484619, 0.6801964044570923, 0.6800192952156067, 0.6798530101776123, 0.6796967029571533, 0.6795494318008423, 0.6794104814529419, 0.6792791247367859, 0.6791548132896423, 0.6790369868278503, 0.6789251565933228, 0.6788188338279724, 0.6787176847457885, 0.6786213040351867, 0.6785294055938721, 0.6784416437149048, 0.6783577680587769, 0.6782775282859802, 0.6782007217407227, 0.6781271457672119, 0.6780565619468689, 0.677988839149475, 0.6779238224029541, 0.6778613448143005, 0.6778012871742248, 0.6777435183525086, 0.677687919139862, 0.6776343584060669, 0.6775828123092651, 0.6775331616401672, 0.6774852991104126, 0.6774391055107116, 0.6773945689201355, 0.6773516416549683, 0.6773101568222046, 0.6772701740264893, 0.6772315263748169, 0.6771942138671875, 0.6771582126617431, 0.6771234273910522, 0.6770898103713989, 0.6770573139190674, 0.6770259380340576, 0.676995599269867, 0.6769662737846375, 0.6769379854202271, 0.6769105792045593, 0.676884138584137, 0.6768585562705993, 0.6768338680267334, 0.6768099665641785, 0.6767868876457215, 0.6767645597457885, 0.6767430067062378, 0.6767221689224243, 0.6767020702362061, 0.6766825795173645, 0.6766638159751892, 0.6766456484794616, 0.6766281366348267, 0.6766111969947814, 0.6765948414802552, 0.6765790462493897, 0.6765637874603272, 0.6765491008758545, 0.6765100717544555, 0.6765322685241699, 0.6765595555305481, 0.6765797734260559, 0.6765970110893249, 0.6765325546264649]}