{"precision": 0.9941520467836257, "recall": 0.9801409352978859, "f1_score": 0.9870967741935484, "accuracy": 0.9871877001921845}