{"precision": 0.9941596365996106, "recall": 0.9814221652786675, "f1_score": 0.9877498388136686, "accuracy": 0.9878283151825753}