{"precision": 0.9917582417582418, "recall": 0.9809782608695652, "f1_score": 0.9863387978142076, "accuracy": 0.9864130434782609}