{"precision": 0.9941558441558441, "recall": 0.9807815502882767, "f1_score": 0.9874234118026443, "accuracy": 0.9875080076873799}