{"precision": 0.8492922564529559, "recall": 0.8328230251071648, "f1_score": 0.8409770174172936, "accuracy": 0.8425188814043683}