{"precision": 0.8508425213230705, "recall": 0.8348642580118392, "f1_score": 0.8427776633010509, "accuracy": 0.8442539293733415}