{"precision": 0.8174097664543525, "recall": 0.8484848484848485, "f1_score": 0.8326574749932414, "accuracy": 0.8294765840220386}