{"precision": 0.8497398543184184, "recall": 0.833435394978567, "f1_score": 0.8415086562242374, "accuracy": 0.8430291896305369}