{"precision": 0.7362301101591188, "recall": 0.7706598334401025, "f1_score": 0.7530516431924883, "accuracy": 0.7472773862908392}