{"precision": 0.7163323782234957, "recall": 0.6793478260869565, "f1_score": 0.697350069735007, "accuracy": 0.7051630434782609}