{"precision": 0.7315270935960592, "recall": 0.7610506085842409, "f1_score": 0.7459968602825746, "accuracy": 0.7408712363869314}