{"precision": 0.7342700061087355, "recall": 0.7700192184497118, "f1_score": 0.7517198248905566, "accuracy": 0.7456758488148623}