{"precision": 0.8806855636123929, "recall": 0.8466413181242078, "f1_score": 0.8633279483037156, "accuracy": 0.8659695817490495}