{"precision": 0.9855769230769231, "recall": 0.9879518072289156, "f1_score": 0.98676293622142, "accuracy": 0.9867469879518073}