{"train_loss": [0.7070976495742798, 0.6854544878005981, 0.6644185781478882, 0.6439940333366394, 0.6241834163665771, 0.6049887537956238], "val_loss": [0.6727874279022217, 0.6730897426605225, 0.6734375357627869, 0.6739497184753418, 0.6746646165847778, 0.6747527718544006]}