{"precision": 0.89056681836988, "recall": 0.8787507654623392, "f1_score": 0.8846193362786396, "accuracy": 0.8853847724025311}