{"precision": 0.8904081209861198, "recall": 0.8773219024290672, "f1_score": 0.8838165741311947, "accuracy": 0.8846703408858951}