{"precision": 0.8901758014477766, "recall": 0.8785466421718718, "f1_score": 0.8843229915759194, "accuracy": 0.88507858746683}