{"precision": 0.8822209758833427, "recall": 0.8681015452538632, "f1_score": 0.8751043115438109, "accuracy": 0.8761037527593819}