{"precision": 0.558282208588957, "recall": 0.5069637883008357, "f1_score": 0.5313868613138686, "accuracy": 0.552924791086351}