{"train_loss": [0.6907810568809509, 0.6851669450600942, 0.6771732171376547, 0.6707362234592438, 0.6662029524644216, 0.6608641843001047, 0.6556521455446879, 0.6512345770994822, 0.646754135688146, 0.6422611276308695, 0.6381243864695231, 0.6341383755207062, 0.6301839749018351, 0.626408447821935, 0.6227890650431315, 0.6192425787448883, 0.6158093313376108, 0.6125008364518484, 0.6092782616615295, 0.6061445971330007, 0.6031090319156647, 0.6001558800538381, 0.5972796181837717, 0.5944832265377045, 0.5917603770891825, 0.5891055365403494, 0.5865180790424347, 0.5839949051539103, 0.5815318922201792, 0.5791271328926086, 0.5767784714698792, 0.5744829972585043, 0.5722386042277018, 0.57004347940286, 0.5678954323132833, 0.5657925506432852, 0.5637332002321879, 0.5617156525452932, 0.5597383081912994, 0.5577996869881948, 0.5558983385562897, 0.5540329565604528, 0.5522021949291229, 0.550404871503512, 0.5486398090918859, 0.5469059149424235, 0.5452021112044653, 0.5435273895661036, 0.5418808708588282, 0.5402615318695704, 0.5386685580015182, 0.537101149559021, 0.535558432340622, 0.5342482229073843], "val_loss": [0.6948477029800415, 0.6826937198638916, 0.6798730492591858, 0.6790997385978699, 0.6746385097503662, 0.6723467111587524, 0.6715602874755859, 0.6694884300231934, 0.6675984263420105, 0.666596531867981, 0.6652951240539551, 0.6638134121894836, 0.6627184152603149, 0.6616457104682922, 0.660460889339447, 0.6594276428222656, 0.6584848165512085, 0.6575228571891785, 0.6566312909126282, 0.6558223366737366, 0.6550403237342834, 0.6543045043945312, 0.6536310911178589, 0.6529973745346069, 0.6524021625518799, 0.6518537998199463, 0.6513442397117615, 0.6508689522743225, 0.6504307389259338, 0.6500266790390015, 0.6496531963348389, 0.649310290813446, 0.6489965915679932, 0.6487098932266235, 0.6484491229057312, 0.6482130885124207, 0.6480003595352173, 0.6478097438812256, 0.6476403474807739, 0.6474907994270325, 0.6473602652549744, 0.6472476720809937, 0.6471522450447083, 0.6470728516578674, 0.6470088958740234, 0.6469595432281494, 0.6469240188598633, 0.6469017863273621, 0.6468918919563293, 0.6468939185142517, 0.6469072699546814, 0.6469312906265259, 0.646965503692627, 0.6469252109527588]}