{"precision": 0.858819003654549, "recall": 0.8850346878097126, "f1_score": 0.87172979304959, "accuracy": 0.8697720515361744}