{"precision": 0.857829934590227, "recall": 0.8838453914767096, "f1_score": 0.8706433662013082, "accuracy": 0.8686818632309217}