{"precision": 0.8590952839268527, "recall": 0.8846382556987116, "f1_score": 0.8716796875, "accuracy": 0.8697720515361744}