{"precision": 0.8834269662921348, "recall": 0.8736111111111111, "f1_score": 0.8784916201117319, "accuracy": 0.8791666666666667}