{"precision": 0.6520325203252032, "recall": 0.6796610169491526, "f1_score": 0.6655601659751037, "accuracy": 0.6584745762711864}