{"precision": 0.7015384615384616, "recall": 0.7676767676767676, "f1_score": 0.7331189710610932, "accuracy": 0.7205387205387206}