{"precision": 0.653160453808752, "recall": 0.6830508474576271, "f1_score": 0.6677713338856669, "accuracy": 0.6601694915254237}