{"precision": 0.65, "recall": 0.6830508474576271, "f1_score": 0.6661157024793388, "accuracy": 0.6576271186440678}