{"precision": 0.5663811563169164, "recall": 0.5682062298603652, "f1_score": 0.5672922252010724, "accuracy": 0.5665950590762621}