{"train_loss": [0.6965716651507786, 0.6894020310470036, 0.6810148230620793, 0.6770534557955605, 0.673193667616163, 0.6697190701961517, 0.6668020529406411, 0.6639882922172546, 0.6614486532551902, 0.6590775123664311, 0.6568549615996224, 0.6547756833689553, 0.6528131195477077, 0.6509586487497602, 0.6492003713335309, 0.6475282609462738, 0.6459346030439649, 0.6444120918001447, 0.6429545666490283, 0.641556590795517, 0.6402133660657066, 0.6389206307274955, 0.6376746552331107, 0.6364719952855792, 0.6353096876825605, 0.6341849522931235, 0.6330953197819846, 0.6320385975497109, 0.6305566132068634, 0.6304699054786137, 0.6303712427616119], "val_loss": [0.6913645565509796, 0.683515876531601, 0.674995630979538, 0.6695480644702911, 0.6650851666927338, 0.6613297462463379, 0.6584261059761047, 0.6559809148311615, 0.6539848148822784, 0.6523270606994629, 0.6509387493133545, 0.6497798562049866, 0.6488082408905029, 0.6479954421520233, 0.6473173201084137, 0.6467536091804504, 0.6462878584861755, 0.6459062099456787, 0.6455968618392944, 0.6453498601913452, 0.6451566517353058, 0.6450099945068359, 0.6449035704135895, 0.6448318660259247, 0.6447902917861938, 0.6447747051715851, 0.6447815001010895, 0.6448076367378235, 0.6448036134243011, 0.6448060572147369, 0.6448098421096802]}