{"precision": 0.5880952380952381, "recall": 0.5951807228915663, "f1_score": 0.5916167664670658, "accuracy": 0.5891566265060241}