{"precision": 0.5985576923076923, "recall": 0.6, "f1_score": 0.5992779783393501, "accuracy": 0.5987951807228916}