{"precision": 0.6825396825396826, "recall": 0.6417910447761194, "f1_score": 0.6615384615384615, "accuracy": 0.6716417910447762}