{"precision": 0.5933806146572104, "recall": 0.6048192771084338, "f1_score": 0.5990453460620525, "accuracy": 0.5951807228915663}