{"precision": 0.6788079470198676, "recall": 0.6902356902356902, "f1_score": 0.6844741235392321, "accuracy": 0.6818181818181818}