{"train_loss": [0.5006190496821736, 0.2752310810394065, 0.1824820072844971, 0.13577950312647707, 0.10858771924016088, 0.09120785063782404, 0.07932863072600475, 0.07078768949695798, 0.06439951378418955, 0.05946817950800408, 0.05556237645620524, 0.052402496771063914, 0.04980012668340012, 0.04762403043203576, 0.04578012295153945, 0.04419934727944607, 0.042829934182728444, 0.04163241964699917, 0.04057626972018286, 0.0396375069178121, 0.038797117878011496, 0.038039832874092946, 0.03735327658914896, 0.03672734092444528, 0.03615369714883178, 0.035625410428660555, 0.035136699687343, 0.03468267979143664, 0.034259226736287736, 0.03386281455628747, 0.03349042647020068, 0.033139457601274167, 0.03280766290980716, 0.03249308565458239, 0.032194013609875775, 0.03190895761254915, 0.03163658034836137, 0.03137573204544741, 0.031125369254326404, 0.030884581639669662, 0.03065253937140454, 0.030428519147599854, 0.030211858018193136, 0.030001966174432012, 0.029798318642776375, 0.02960042885049831, 0.029407862503471417, 0.02922023511166836, 0.0290371794849201, 0.02885838436114407, 0.028683544526439765, 0.028512400845715474, 0.0283447032913479, 0.02818023573693841, 0.028018785510645357, 0.02786017103164002, 0.02770422619962415, 0.02755078834178316, 0.027399719151300052, 0.027250887609498446, 0.027104171507363748, 0.02695945650880593, 0.02681664647642783, 0.0266756443739977, 0.026536366398727824, 0.026398733691420664, 0.02626266372173505, 0.026128104860829407, 0.025994979489464744, 0.02586324220025089, 0.025732828255439568, 0.025603695339414964, 0.025475796268776406, 0.025349088505906767, 0.025223532177204657, 0.025099092184804207, 0.024975736750029894, 0.024853422474332674, 0.02473213584812055, 0.02461184447544605, 0.0244925148286965, 0.02437413358779321, 0.024256669580503258, 0.024140103850080523, 0.02402442549680208, 0.02390960923959176, 0.023795636554876733, 0.02368249350530637, 0.023570171059217562, 0.023458640979126442, 0.02334790013535598, 0.023237939924001694, 0.023128739265768333, 0.023020289047772802, 0.022912578029168205, 0.022805597097071452, 0.02269933906080591, 0.022593794628804505, 0.022488951580165777, 0.0223848057780848, 0.022281346339082648, 0.02217856021381395, 0.022076455567595223, 0.021975008927848795, 0.02187422549806882, 0.02177409056660741, 0.02167460337541131, 0.021575750122496556, 0.02147753977996492, 0.021379948366260112, 0.021282987160131682, 0.02089422014217044, 0.02075256396160829], "val_loss": [0.3502598702907562, 0.21700559258461, 0.15538452863693236, 0.121122607588768, 0.09983956068754196, 0.08554567843675613, 0.07537297755479813, 0.06780812814831734, 0.06199068129062653, 0.057399524748325347, 0.05370100662112236, 0.050671157985925676, 0.048153854161500934, 0.04603699669241905, 0.04423817656934261, 0.04269553981721401, 0.04136187210679054, 0.04020053967833519, 0.03918269909918308, 0.03828539624810219, 0.03749013356864452, 0.03678187131881714, 0.036148255318403245, 0.03557908311486244, 0.03506581075489521, 0.034601326659321786, 0.034179582446813586, 0.03379545398056507, 0.03344457782804966, 0.03312318846583366, 0.032828062772750854, 0.03255641274154186, 0.03230578564107418, 0.032074051722884175, 0.03185937106609345, 0.03166008815169334, 0.03147476203739643, 0.03130212761461735, 0.03114103004336357, 0.030990488082170486, 0.03084958400577307, 0.030717524513602257, 0.0305935762822628, 0.030477094277739526, 0.030367503874003887, 0.030264284648001193, 0.030166944861412047, 0.030075074918568135, 0.029988275095820426, 0.02990618199110031, 0.02982848063111305, 0.02975488007068634, 0.029685105569660662, 0.029618911817669867, 0.02955608181655407, 0.029496391676366328, 0.02943966817110777, 0.029385735653340815, 0.029334434680640696, 0.02928560245782137, 0.029239114187657834, 0.029194835759699344, 0.029152655601501466, 0.02911247592419386, 0.029074173793196677, 0.02903766930103302, 0.02900286391377449, 0.02896968461573124, 0.0289380619302392, 0.028907912597060204, 0.028879185579717158, 0.028851807303726672, 0.02882572952657938, 0.028800882399082184, 0.02877723127603531, 0.02875472903251648, 0.028733322396874428, 0.028712966479361057, 0.028693624399602415, 0.028675280325114728, 0.02865786664187908, 0.02864136956632137, 0.02862577550113201, 0.028611009567976, 0.02859708443284035, 0.028583943098783492, 0.028571589291095732, 0.028559990972280503, 0.02854910921305418, 0.02853894289582968, 0.02852946110069752, 0.02852064501494169, 0.028512481600046158, 0.02850495707243681, 0.028498050197958945, 0.028491732105612753, 0.028485992364585398, 0.028480833396315575, 0.028476232290267946, 0.028472160920500755, 0.028468630649149416, 0.028465607762336732, 0.028463083505630492, 0.028461060672998428, 0.02845951747149229, 0.0284584354609251, 0.028457808867096902, 0.028457637317478655, 0.02845791317522526, 0.028458594903349878, 0.028459718078374864, 0.028789384849369527, 0.02908028718084097]}