{"precision": 0.7809419496166484, "recall": 0.7922222222222223, "f1_score": 0.7865416436845009, "accuracy": 0.785}