{"precision": 0.7891832229580574, "recall": 0.7944444444444444, "f1_score": 0.7918050941306756, "accuracy": 0.7911111111111111}