{"precision": 0.7857142857142857, "recall": 0.7944444444444444, "f1_score": 0.7900552486187845, "accuracy": 0.7888888888888889}