{"precision": 0.8403614457831325, "recall": 0.8611111111111112, "f1_score": 0.850609756097561, "accuracy": 0.8487654320987654}