{"train_loss": [0.6932592156686281, 0.686267824549424, 0.6829729174312792, 0.6803002592764402, 0.6780816222492018, 0.6757862991408298, 0.6733986405949843, 0.6723595136090329, 0.6708689410435525, 0.6688450716043773, 0.6679861671046207, 0.6659680055944543, 0.6649344563484192, 0.6642063542416221, 0.6636192657445606, 0.6618346901316392, 0.6606768652012474, 0.6609974566258883, 0.657747252991325, 0.6579130417422244, 0.6566769465019828, 0.6559837413461584, 0.6557968792162443], "val_loss": [0.6934673905372619, 0.6909873008728027, 0.6902241110801697, 0.6892378449440002, 0.6888952612876892, 0.6886468291282654, 0.6885788321495057, 0.688630473613739, 0.6879220962524414, 0.6877718448638916, 0.6876241326332092, 0.6877264857292176, 0.6874351382255555, 0.6872841358184815, 0.6872529864311219, 0.6867516875267029, 0.6871983647346497, 0.6867446184158326, 0.6871861696243287, 0.687202250957489, 0.6872072696685791, 0.6870983004570007, 0.6871054649353028]}