{"precision": 0.7137702946482261, "recall": 0.7331686226065472, "f1_score": 0.7233394271785497, "accuracy": 0.7195799876466955}