{"precision": 0.7141568981064021, "recall": 0.7337862878319951, "f1_score": 0.7238385376999238, "accuracy": 0.7200432365657814}