{"precision": 0.6954813359528488, "recall": 0.7678958785249458, "f1_score": 0.7298969072164948, "accuracy": 0.7158351409978309}