{"precision": 0.8129496402877698, "recall": 0.8308823529411765, "f1_score": 0.8218181818181818, "accuracy": 0.8198529411764706}