{"precision": 0.7204301075268817, "recall": 0.4407894736842105, "f1_score": 0.5469387755102041, "accuracy": 0.6348684210526315}