{"train_loss": [0.6920045529093061, 0.6837436854839325, 0.678168135029929, 0.6734948371137891, 0.6697463606085096, 0.6662094976220813, 0.6630815097263881, 0.6602376614298139, 0.6576175817421505, 0.6552066249506814, 0.652958801814488, 0.650854447058269, 0.6488734526293618, 0.6469990057604653, 0.6452187044279916, 0.6435213259288243, 0.6418977081775665, 0.6403401068278721, 0.638841837644577, 0.637397221156529, 0.636001352752958, 0.6346499834741864, 0.633339388029916, 0.6320662796497345, 0.6308278611728123, 0.6296215355396271, 0.6284450803484235, 0.627296473298754, 0.6259061310972486, 0.6257999454225812], "val_loss": [0.6836469769477844, 0.6796364188194275, 0.6763888299465179, 0.6729389727115631, 0.6703988909721375, 0.6680525243282318, 0.6661121845245361, 0.6645143032073975, 0.6631636917591095, 0.6620512306690216, 0.6611209213733673, 0.660344809293747, 0.6596985161304474, 0.6591601073741913, 0.6587139368057251, 0.6583459675312042, 0.658044844865799, 0.6578009724617004, 0.6576061844825745, 0.6574537456035614, 0.6573377251625061, 0.6572532653808594, 0.6571961343288422, 0.657162606716156, 0.6571497321128845, 0.6571547389030457, 0.6571753621101379, 0.657209575176239, 0.6571739614009857, 0.6571622490882874]}