{"train_loss": [0.6881343603134156, 0.6716890573501587, 0.6591079831123352, 0.6485231876373291, 0.6396202445030212, 0.6320916891098023, 0.6256132841110229, 0.6198518753051758, 0.6145873188972473, 0.6096988916397095, 0.6051100611686706, 0.6007531166076661, 0.5965790629386902, 0.5925675392150879, 0.5887107372283935, 0.5849977135658264, 0.5814141392707824, 0.5779502987861633, 0.5746011137962341, 0.5713610291481018, 0.5682223200798034, 0.5651778221130371, 0.5622225761413574, 0.5593522071838379, 0.556561815738678, 0.5538465738296509, 0.5512024521827698, 0.5486260175704956, 0.5461138963699341, 0.5436626672744751, 0.5412692666053772, 0.5389309644699096, 0.5366452455520629, 0.5344096302986145, 0.5322217822074891, 0.5300795912742615, 0.5279810547828674, 0.5259243130683899, 0.5239075541496276, 0.521929132938385, 0.5199875116348267, 0.5180811762809754, 0.5162087559700013, 0.5143689393997193, 0.5125604689121246, 0.5107821822166443, 0.5090329825878144, 0.5073117613792419, 0.5056175708770752, 0.5043415009975434, 0.5041772127151489], "val_loss": [0.6793498396873474, 0.6685253381729126, 0.6595557928085327, 0.6526709198951721, 0.6475179195404053, 0.6436107754707336, 0.6406086683273315, 0.6382790207862854, 0.636430025100708, 0.6349205374717712, 0.6336687207221985, 0.6326139569282532, 0.6317078471183777, 0.6309159994125366, 0.6302160620689392, 0.6295893788337708, 0.6290199160575867, 0.6284959316253662, 0.6280092000961304, 0.62755286693573, 0.6271222233772278, 0.6267149448394775, 0.6263298988342285, 0.6259658336639404, 0.6256220936775208, 0.6252986788749695, 0.6249961853027344, 0.6247142553329468, 0.6244525909423828, 0.6242108941078186, 0.6239890456199646, 0.6237865090370178, 0.6236023902893066, 0.6234362125396729, 0.6232873201370239, 0.6231549382209778, 0.6230383515357971, 0.6229368448257446, 0.6228498220443726, 0.6227765679359436, 0.6227166056632996, 0.6226692795753479, 0.6226339936256409, 0.6226103901863098, 0.6225979924201965, 0.6225961446762085, 0.6226046085357666, 0.6226228475570679, 0.6226505041122437, 0.6226474046707153, 0.6226338148117065]}