{"precision": 0.8325607268681624, "recall": 0.889990089197225, "f1_score": 0.8603180685955164, "accuracy": 0.8555004955401387}