{"precision": 0.8327448429659915, "recall": 0.8882061446977205, "f1_score": 0.8595818146940342, "accuracy": 0.8549058473736373}