{"precision": 0.8298429319371727, "recall": 0.8805555555555555, "f1_score": 0.8544474393530997, "accuracy": 0.85}