{"precision": 0.832037037037037, "recall": 0.8905847373637265, "f1_score": 0.8603159406414552, "accuracy": 0.8554013875123885}