{"precision": 0.7834645669291339, "recall": 0.8223140495867769, "f1_score": 0.8024193548387096, "accuracy": 0.7975206611570248}