{"precision": 0.7721021611001965, "recall": 0.7557692307692307, "f1_score": 0.7638483965014577, "accuracy": 0.7663461538461539}