{"precision": 0.7641325536062378, "recall": 0.7538461538461538, "f1_score": 0.7589545014520813, "accuracy": 0.760576923076923}