{"precision": 0.7687747035573123, "recall": 0.7480769230769231, "f1_score": 0.7582846003898636, "accuracy": 0.7615384615384615}