{"precision": 0.625, "recall": 0.5892255892255892, "f1_score": 0.6065857885615251, "accuracy": 0.6178451178451179}