{"precision": 0.5533980582524272, "recall": 0.5796610169491525, "f1_score": 0.5662251655629139, "accuracy": 0.5559322033898305}