{"precision": 0.5418439716312057, "recall": 0.6474576271186441, "f1_score": 0.5899613899613899, "accuracy": 0.55}