{"precision": 0.5517241379310345, "recall": 0.5423728813559322, "f1_score": 0.5470085470085471, "accuracy": 0.5508474576271186}