{"precision": 0.7711028958718422, "recall": 0.7730080296479308, "f1_score": 0.7720542874768661, "accuracy": 0.7717726991970352}