{"precision": 0.7712177121771218, "recall": 0.7745521927115503, "f1_score": 0.7728813559322034, "accuracy": 0.772390364422483}