{"precision": 0.7446808510638298, "recall": 0.8351409978308026, "f1_score": 0.787321063394683, "accuracy": 0.7744034707158352}