{"precision": 0.7734567901234568, "recall": 0.7739345274861026, "f1_score": 0.7736955850571164, "accuracy": 0.7736256948733786}