{"precision": 0.9552238805970149, "recall": 0.976271186440678, "f1_score": 0.9656328583403185, "accuracy": 0.9652542372881356}