{"precision": 0.9552980132450332, "recall": 0.9779661016949153, "f1_score": 0.966499162479062, "accuracy": 0.9661016949152542}