{"precision": 0.9898648648648649, "recall": 0.9865319865319865, "f1_score": 0.9881956155143339, "accuracy": 0.9882154882154882}