{"precision": 0.7094594594594594, "recall": 0.7590361445783133, "f1_score": 0.7334109429569267, "accuracy": 0.7240963855421687}