{"precision": 0.7120181405895691, "recall": 0.7566265060240964, "f1_score": 0.7336448598130841, "accuracy": 0.7253012048192771}