{"precision": 0.7052154195011338, "recall": 0.7493975903614458, "f1_score": 0.7266355140186916, "accuracy": 0.7180722891566265}