{"precision": 0.7626262626262627, "recall": 0.7512437810945274, "f1_score": 0.7568922305764411, "accuracy": 0.7587064676616916}