{"precision": 0.8710865561694291, "recall": 0.9096153846153846, "f1_score": 0.889934148635936, "accuracy": 0.8875}