{"precision": 0.9224489795918367, "recall": 0.9338842975206612, "f1_score": 0.9281314168377823, "accuracy": 0.9276859504132231}