{"precision": 0.864963503649635, "recall": 0.9115384615384615, "f1_score": 0.8876404494382022, "accuracy": 0.8846153846153846}