{"precision": 0.8636363636363636, "recall": 0.9134615384615384, "f1_score": 0.8878504672897196, "accuracy": 0.8846153846153846}