{"precision": 0.8834044281941905, "recall": 0.8877321902429067, "f1_score": 0.8855630217878232, "accuracy": 0.8852827107572974}