{"precision": 0.8721560130010835, "recall": 0.8870523415977961, "f1_score": 0.8795411089866156, "accuracy": 0.8785123966942149}