{"precision": 0.8859524293555601, "recall": 0.8895692998571137, "f1_score": 0.8877571806885313, "accuracy": 0.8875280669524392}