{"precision": 0.8839812741705679, "recall": 0.886507450500102, "f1_score": 0.8852425601304525, "accuracy": 0.88507858746683}