{"precision": 0.8620263591433278, "recall": 0.8544600938967136, "f1_score": 0.8582265504869298, "accuracy": 0.8588487446417636}