{"precision": 0.8615289511642283, "recall": 0.8534394774443764, "f1_score": 0.8574651353568499, "accuracy": 0.8581343131251276}