{"precision": 0.8658399098083427, "recall": 0.847682119205298, "f1_score": 0.856664807585053, "accuracy": 0.858167770419426}