{"precision": 0.861962559144209, "recall": 0.8552765870585833, "f1_score": 0.8586065573770492, "accuracy": 0.8591549295774648}