{"precision": 0.5728744939271255, "recall": 0.5740365111561866, "f1_score": 0.5734549138804458, "accuracy": 0.5730223123732252}