{"train_loss": [0.6937058227402824, 0.6834691762924194, 0.6742672664778573, 0.6668058718953814, 0.6609189510345459, 0.6552037341254098, 0.6500524197305951, 0.6456714613097054, 0.6416614481381008, 0.63792142697743, 0.6345590693610055, 0.6314854281289237, 0.6285993201392037, 0.6259136114801679, 0.6234144909041268, 0.621054870741708, 0.6188199605260577, 0.6167049833706447, 0.6146916151046753, 0.6127660615103585, 0.610922498362405, 0.609172659260886, 0.6089927639280047, 0.6088189312389919], "val_loss": [0.68702232837677, 0.6811056733131409, 0.6771589517593384, 0.6741483807563782, 0.6716053485870361, 0.669672966003418, 0.6682308316230774, 0.6670997738838196, 0.666189432144165, 0.6655082106590271, 0.6649865508079529, 0.6645731925964355, 0.6642611026763916, 0.6640307903289795, 0.6638613343238831, 0.6637434959411621, 0.663669764995575, 0.6636317372322083, 0.6636236310005188, 0.6636409163475037, 0.663679301738739, 0.6636826992034912, 0.6636856198310852, 0.663689374923706]}