{"precision": 0.6119733924611973, "recall": 0.5986984815618221, "f1_score": 0.6052631578947368, "accuracy": 0.6095444685466378}