{"precision": 0.6521084337349398, "recall": 0.6686226065472514, "f1_score": 0.660262275083867, "accuracy": 0.6559604694255713}