{"precision": 0.6514423076923077, "recall": 0.6695491043854231, "f1_score": 0.6603716113310996, "accuracy": 0.6556516368128474}