{"precision": 0.6531599637133354, "recall": 0.6670784434836319, "f1_score": 0.6600458365164248, "accuracy": 0.6564237183446572}