{"precision": 0.6006389776357828, "recall": 0.6372881355932203, "f1_score": 0.618421052631579, "accuracy": 0.6067796610169491}