{"precision": 0.7669902912621359, "recall": 0.797979797979798, "f1_score": 0.7821782178217822, "accuracy": 0.7777777777777778}