{"precision": 0.5859030837004405, "recall": 0.676271186440678, "f1_score": 0.6278520849724626, "accuracy": 0.5991525423728814}