{"precision": 0.5770750988142292, "recall": 0.7423728813559322, "f1_score": 0.6493699036323203, "accuracy": 0.5991525423728814}