{"precision": 0.6955017301038062, "recall": 0.730909090909091, "f1_score": 0.7127659574468085, "accuracy": 0.7054545454545454}