{"precision": 0.6234939759036144, "recall": 0.6388888888888888, "f1_score": 0.6310975609756098, "accuracy": 0.6265432098765432}