{"precision": 0.6140350877192983, "recall": 0.6611111111111111, "f1_score": 0.6367041198501873, "accuracy": 0.6227777777777778}