{"precision": 0.6131687242798354, "recall": 0.6622222222222223, "f1_score": 0.6367521367521367, "accuracy": 0.6222222222222222}