{"precision": 0.612603305785124, "recall": 0.6588888888888889, "f1_score": 0.6349036402569593, "accuracy": 0.6211111111111111}