{"precision": 0.6127819548872181, "recall": 0.5927272727272728, "f1_score": 0.6025878003696857, "accuracy": 0.6090909090909091}