{"train_loss": [0.6932921051979065, 0.6812971115112305, 0.6710537433624267, 0.6619388461112976, 0.6537667155265808, 0.6465567588806153, 0.6398707509040833, 0.6355851531028748], "val_loss": [0.6875007748603821, 0.68636155128479, 0.6852871179580688, 0.6857442855834961, 0.686694860458374, 0.6870261430740356, 0.6870418787002563, 0.6870529651641846]}