{"precision": 0.5779569892473119, "recall": 0.6268221574344023, "f1_score": 0.6013986013986014, "accuracy": 0.5845481049562682}