{"train_loss": [0.6991172631581625, 0.6855456233024597, 0.6827751994132996, 0.6763056715329488, 0.6691340208053589, 0.6630851626396179, 0.657031794389089, 0.6508509914080302, 0.6453635295232137, 0.6406063437461853, 0.6360000570615133, 0.6313322385152181, 0.6267538070678711, 0.622320552666982, 0.617998997370402, 0.6138455669085184, 0.6099273562431335, 0.6062003970146179, 0.6025756001472473, 0.5990157922108968, 0.5955256024996439, 0.5921129584312439, 0.5887895425160726, 0.5855693221092224, 0.5824501117070516, 0.5794123212496439, 0.5764363408088684, 0.5735136469205221, 0.5706439812978109, 0.5678308010101318, 0.5650777419408163, 0.5623848040898641, 0.5597467422485352, 0.5571566621462504, 0.554609457651774, 0.5521032611529032, 0.5496381719907125, 0.5472148060798645, 0.5448329647382101, 0.5424906611442566, 0.5401852528254191, 0.5379141966501871, 0.535676101843516, 0.5334703723589579, 0.5312966903050741, 0.5291545391082764, 0.5270429054896036, 0.5249604980150858, 0.5229060252507528, 0.5208785533905029, 0.5188774665196737, 0.5169021983941396, 0.5149522721767426, 0.5130269328753153, 0.5111255049705505, 0.5092471837997437, 0.5073913037776947, 0.5055573284626007, 0.5037448207537333, 0.5019532342751821, 0.5001821319262186, 0.4984309772650401, 0.49707743525505066, 0.49690643946329754, 0.49673519531885785, 0.4965636630853017, 0.4964267710844676], "val_loss": [0.6901178956031799, 0.6976820230484009, 0.6917388439178467, 0.6803395748138428, 0.6716028451919556, 0.6665412187576294, 0.6637058854103088, 0.6621334552764893, 0.6607573628425598, 0.6584908962249756, 0.6552561521530151, 0.6518722772598267, 0.649043619632721, 0.6469144225120544, 0.6453193426132202, 0.6440171003341675, 0.6427575349807739, 0.6413951516151428, 0.6399723887443542, 0.6386309862136841, 0.637467086315155, 0.6364871263504028, 0.6356438994407654, 0.6348758339881897, 0.6341354846954346, 0.6334103941917419, 0.632718563079834, 0.6320821046829224, 0.631509006023407, 0.6309919357299805, 0.6305167078971863, 0.6300707459449768, 0.6296478509902954, 0.6292487382888794, 0.6288766264915466, 0.628533124923706, 0.6282165050506592, 0.6279236674308777, 0.627651035785675, 0.6273967027664185, 0.6271597743034363, 0.626940131187439, 0.6267375349998474, 0.62655109167099, 0.6263797283172607, 0.6262223720550537, 0.6260783076286316, 0.6259467005729675, 0.6258272528648376, 0.6257193684577942, 0.625622570514679, 0.6255362033843994, 0.6254599094390869, 0.6253931522369385, 0.6253355741500854, 0.6252868175506592, 0.6252464652061462, 0.6252142786979675, 0.6251898407936096, 0.6251727938652039, 0.6251629590988159, 0.6251602172851562, 0.6251603960990906, 0.625160813331604, 0.6251614093780518, 0.6251620650291443, 0.6251621246337891]}