{"precision": 0.9988532110091743, "recall": 0.9677777777777777, "f1_score": 0.9830699774266366, "accuracy": 0.9833333333333333}