{"precision": 0.9977064220183486, "recall": 0.9666666666666667, "f1_score": 0.981941309255079, "accuracy": 0.9822222222222222}