{"precision": 0.9977116704805492, "recall": 0.9688888888888889, "f1_score": 0.9830890642615558, "accuracy": 0.9833333333333333}