{"precision": 0.9847094801223242, "recall": 0.9938271604938271, "f1_score": 0.989247311827957, "accuracy": 0.9891975308641975}