{"precision": 0.7299771167048055, "recall": 0.6875, "f1_score": 0.7081021087680355, "accuracy": 0.7165948275862069}