{"precision": 0.5863689776733255, "recall": 0.5359828141783028, "f1_score": 0.5600448933782267, "accuracy": 0.5789473684210527}