{"precision": 0.8638613861386139, "recall": 0.8841038632045598, "f1_score": 0.8738654147104852, "accuracy": 0.8723875870804306}