{"precision": 0.6683168316831684, "recall": 0.6716417910447762, "f1_score": 0.6699751861042184, "accuracy": 0.6691542288557214}