{"precision": 0.6338028169014085, "recall": 0.6506024096385542, "f1_score": 0.6420927467300832, "accuracy": 0.6373493975903615}