{"precision": 0.6344339622641509, "recall": 0.6481927710843374, "f1_score": 0.6412395709177592, "accuracy": 0.6373493975903615}