{"precision": 0.6329411764705882, "recall": 0.6481927710843374, "f1_score": 0.6404761904761904, "accuracy": 0.636144578313253}