{"precision": 0.8865484880083421, "recall": 0.8677281077770974, "f1_score": 0.8770373426861976, "accuracy": 0.8783425188814044}