{"precision": 0.885, "recall": 0.8671157379056951, "f1_score": 0.8759665944942777, "accuracy": 0.8772198407838334}