{"precision": 0.8838888888888888, "recall": 0.8780353200883002, "f1_score": 0.8809523809523809, "accuracy": 0.8813465783664459}