{"precision": 0.8850406843313166, "recall": 0.8658909981628904, "f1_score": 0.8753611225753198, "accuracy": 0.8767095325576648}