{"precision": 0.670846394984326, "recall": 0.6484848484848484, "f1_score": 0.6594761171032357, "accuracy": 0.6651515151515152}