{"precision": 0.9753086419753086, "recall": 0.9793388429752066, "f1_score": 0.977319587628866, "accuracy": 0.9772727272727273}