{"precision": 0.9825242718446602, "recall": 0.9730769230769231, "f1_score": 0.9777777777777777, "accuracy": 0.9778846153846154}