{"precision": 0.8157894736842105, "recall": 0.8346153846153846, "f1_score": 0.8250950570342205, "accuracy": 0.823076923076923}