{"precision": 0.815442561205273, "recall": 0.8326923076923077, "f1_score": 0.8239771646051379, "accuracy": 0.8221153846153846}