{"precision": 0.85, "recall": 0.8429752066115702, "f1_score": 0.8464730290456431, "accuracy": 0.8471074380165289}