{"precision": 0.8173258003766478, "recall": 0.8346153846153846, "f1_score": 0.8258801141769743, "accuracy": 0.8240384615384615}