{"precision": 0.7123947051744886, "recall": 0.7064439140811456, "f1_score": 0.7094068304373876, "accuracy": 0.7106205250596659}