{"precision": 0.8438984100763989, "recall": 0.8342518881404368, "f1_score": 0.8390474235269965, "accuracy": 0.8399673402735252}