{"precision": 0.8453906572964035, "recall": 0.8348642580118392, "f1_score": 0.8400944849542981, "accuracy": 0.8410900183710961}