{"precision": 0.842529448233106, "recall": 0.8322106552357624, "f1_score": 0.8373382624768947, "accuracy": 0.8383343539497856}