{"precision": 0.8512304250559284, "recall": 0.8399558498896247, "f1_score": 0.8455555555555555, "accuracy": 0.8465783664459161}