{"precision": 0.862760834670947, "recall": 0.877730149010002, "f1_score": 0.8701811190933927, "accuracy": 0.8690549091651357}