{"precision": 0.862906463267764, "recall": 0.8775260257195346, "f1_score": 0.8701548426272645, "accuracy": 0.8690549091651357}