{"precision": 0.8780353200883002, "recall": 0.8765840220385674, "f1_score": 0.8773090708574579, "accuracy": 0.8774104683195593}