{"precision": 0.8631071858691288, "recall": 0.877730149010002, "f1_score": 0.8703572512903552, "accuracy": 0.8692590324556032}