{"precision": 0.6353046594982079, "recall": 0.6080617495711835, "f1_score": 0.621384750219106, "accuracy": 0.6295025728987993}