{"train_loss": [0.6831766722294, 0.6671246187045023, 0.6590070185753015, 0.6535252458774127, 0.6494615364533204, 0.646247325035242, 0.6435918040000476, 0.6413309734601241, 0.6393642184826044, 0.6376253916667058, 0.6360685768035742, 0.63466043311816, 0.6333759381220891, 0.6321957627168069, 0.6311046721843573, 0.6300904292326707, 0.6291430924947445, 0.6282544434070587, 0.627417667553975, 0.6266270245497043, 0.6258776520307248, 0.6251653994505222, 0.6244866928228965, 0.6238384682398576, 0.623218019421284, 0.6209547336284931, 0.6208019451453135, 0.6207390141028625, 0.6206783445981833, 0.6206181530769055, 0.620397802728873, 0.6203513030822461, 0.6203234654206496, 0.6203067600727081, 0.6202953285895861, 0.6202864280113807, 0.6202788043480653, 0.620271813410979, 0.6202651686393298, 0.6202366214532119, 0.620235956632174, 0.6202352769099749, 0.6202346029189917, 0.6202316410266436, 0.6202315779832693, 0.620231508062436, 0.6202314381416028, 0.6202311458495947, 0.6202311389721357, 0.6202311309484335, 0.6202311183397586, 0.6202310954148953, 0.6202310942686521, 0.6202310954148953, 0.6202310988536248, 0.6202310999998679, 0.6202310942686521], "val_loss": [0.6788038114706675, 0.671586791674296, 0.6670461197694143, 0.6640148957570394, 0.6618259648482004, 0.6601646641890208, 0.6588653326034546, 0.6578307747840881, 0.6569983959197998, 0.6563248733679453, 0.6557785371939341, 0.6553353567918142, 0.6549766659736633, 0.6546875437100729, 0.6544560392697653, 0.6542724172274271, 0.6541286607583364, 0.654018223285675, 0.6539356211821238, 0.6538762847582499, 0.6538365085919698, 0.6538130044937134, 0.6538031995296478, 0.653804769118627, 0.6538158853848776, 0.6530733307202657, 0.6531037191549937, 0.653124580780665, 0.6531416177749634, 0.6531570653120676, 0.6529876391092936, 0.6528622210025787, 0.652784546216329, 0.6527358492215475, 0.652705063422521, 0.6526856025060018, 0.6526733636856079, 0.652665764093399, 0.6526612341403961, 0.6526599029699961, 0.6526584327220917, 0.6526570121447245, 0.6526556511720022, 0.6526555220286051, 0.6526553531487783, 0.6526552041371664, 0.6526550650596619, 0.6526550650596619, 0.6526550451914469, 0.6526550451914469, 0.6526550054550171, 0.6526549955209097, 0.6526549955209097, 0.6526550054550171, 0.6526550153891245, 0.6526550054550171, 0.6526550153891245]}