{"precision": 0.8487697539507901, "recall": 0.8660951214533579, "f1_score": 0.8573449181652859, "accuracy": 0.8558889569299857}