{"precision": 0.8496105452366687, "recall": 0.8683404776484996, "f1_score": 0.8588734100545125, "accuracy": 0.8573178199632578}