{"precision": 0.8495894251952734, "recall": 0.8658909981628904, "f1_score": 0.857662757784068, "accuracy": 0.8562972035109206}