{"precision": 0.8548998375744451, "recall": 0.8699724517906336, "f1_score": 0.8623702894593118, "accuracy": 0.8611570247933884}