{"precision": 0.6950146627565983, "recall": 0.7314814814814815, "f1_score": 0.7127819548872181, "accuracy": 0.7052469135802469}