{"precision": 0.6652314316469322, "recall": 0.6866666666666666, "f1_score": 0.675779114270093, "accuracy": 0.6705555555555556}