{"precision": 0.6659505907626209, "recall": 0.6888888888888889, "f1_score": 0.6772255598033862, "accuracy": 0.6716666666666666}