{"precision": 0.665948275862069, "recall": 0.6866666666666666, "f1_score": 0.6761487964989059, "accuracy": 0.6711111111111111}