{"precision": 0.992209411031474, "recall": 0.9833230389129092, "f1_score": 0.9877462385605708, "accuracy": 0.9878011117974058}