{"precision": 0.9977728285077951, "recall": 0.9718004338394793, "f1_score": 0.9846153846153847, "accuracy": 0.9848156182212582}