{"precision": 0.9928259513412352, "recall": 0.9830142063001853, "f1_score": 0.9878957169459963, "accuracy": 0.9879555281037677}