{"precision": 0.61291492835117, "recall": 0.6697720515361745, "f1_score": 0.6400833491191513, "accuracy": 0.6233894945490585}