{"precision": 0.6464497041420119, "recall": 0.6069444444444444, "f1_score": 0.6260744985673352, "accuracy": 0.6375}