{"precision": 0.5998609421171562, "recall": 0.6840436075322102, "f1_score": 0.6391924430450083, "accuracy": 0.6138751238850347}