{"precision": 0.6112099644128114, "recall": 0.6808721506442021, "f1_score": 0.6441631504922645, "accuracy": 0.6238850346878098}