{"precision": 0.6656891495601173, "recall": 0.7049689440993789, "f1_score": 0.6847662141779789, "accuracy": 0.6754658385093167}