{"precision": 0.6591639871382636, "recall": 0.6487341772151899, "f1_score": 0.6539074960127592, "accuracy": 0.6566455696202531}