{"precision": 0.6360248447204969, "recall": 0.6559897501601537, "f1_score": 0.6458530432040366, "accuracy": 0.6402946828955798}