{"precision": 0.6278260869565218, "recall": 0.6937860345932095, "f1_score": 0.6591600730371272, "accuracy": 0.6412556053811659}