{"precision": 0.6368876080691642, "recall": 0.6005434782608695, "f1_score": 0.6181818181818182, "accuracy": 0.6290760869565217}