{"precision": 0.6276978417266187, "recall": 0.6707238949391415, "f1_score": 0.6484979869928771, "accuracy": 0.6364509929532352}