{"train_loss": [0.584798357703469, 0.38774982365694916, 0.2700248943133788, 0.20041149041869424, 0.15818462588570334, 0.13113336265087128, 0.11281784149733456, 0.09962306916713715, 0.08969848128882321, 0.08194316584955562, 0.07572346858002922, 0.07061991298740561, 0.06635633822191846, 0.06274033676494252, 0.05963215231895447, 0.056930771097540855, 0.05455901846289635, 0.052458330311558464, 0.05058293366296725, 0.048896571790630165, 0.04737031239677559, 0.0459806773472916, 0.04470848342911764, 0.043537934734062714, 0.042455868287519974, 0.04145128381523219, 0.04051489078185775, 0.03963881138373505, 0.038816317238590935, 0.038041642528365956, 0.037309798496690666, 0.036616474728692665, 0.03595792392099446, 0.03533084495839747, 0.03473237427798184, 0.03415996411984617, 0.0336113821037791, 0.03308462859554724, 0.03257794864475727, 0.03208975129845468, 0.03161863889545202, 0.031163342805071312, 0.030722721310501747, 0.030295752158219166, 0.02988151020624421, 0.029479158788242123, 0.029087934050370346, 0.028707152571190487, 0.028336174701425163, 0.027974442748183555, 0.027621420100331306, 0.02727663025937297, 0.026939642530950634, 0.026610036634586075, 0.026287460869008846, 0.025971562178297478, 0.02566203699362549, 0.0253585817461664, 0.025060944301499563, 0.024768861518664795, 0.02448211246254769, 0.02420047865333882, 0.023923776112496853, 0.023651812310245903, 0.023384415205906738, 0.023121420632709156, 0.02285045749423179, 0.022825785954906183], "val_loss": [0.46151675283908844, 0.312890961766243, 0.22355857491493225, 0.17204377055168152, 0.13971754163503647, 0.11885520070791245, 0.10398419201374054, 0.09306267648935318, 0.08459790423512459, 0.07794307917356491, 0.07256401143968105, 0.06814942881464958, 0.06446725316345692, 0.061350371688604355, 0.05868542939424515, 0.056382546201348305, 0.05437752977013588, 0.05261949822306633, 0.05106841679662466, 0.04969276674091816, 0.04846672713756561, 0.0473693935200572, 0.046383557841181755, 0.04549490474164486, 0.044691470451653004, 0.043963183648884296, 0.043301467783749104, 0.04269897285848856, 0.04214945435523987, 0.041647438891232014, 0.041188228875398636, 0.0407677385956049, 0.040382334031164646, 0.04002881236374378, 0.03970440989360213, 0.03940661670640111, 0.03913325583562255, 0.03888231609016657, 0.038652025163173676, 0.038440817035734653, 0.038247205782681704, 0.03806994203478098, 0.03790786722674966, 0.037759865168482065, 0.0376249891705811, 0.037502318155020475, 0.03739105258136988, 0.03729048045352101, 0.03719988605007529, 0.0371186351403594, 0.037046125158667564, 0.036981860641390085, 0.03692531259730458, 0.03687603119760752, 0.03683353401720524, 0.03679749229922891, 0.03676747716963291, 0.03674315568059683, 0.036724216770380735, 0.036710318410769105, 0.036701178876683116, 0.03669651597738266, 0.03669614577665925, 0.03669977933168411, 0.03670716378837824, 0.036718126852065325, 0.036717977141961455, 0.036712536588311195]}